Candidate,Rebellions,EuropeRebellions,NonEuroperebellions,PreCorbynfrontbench,ExCorbynfrontbench,Corbynfrontbench,Resignedwhip,Electedin2017,Electedin2015,TribuneMember,CampaignMember,NominatedOwenSmith,Majority,leavevoteX100,CLPsupportedSmith,CLPsupportedCorbyn,lneurope,lnnoneurope,lntotal,rebellionmedian,noneuropebinary,Europebinary,rebellionsnooutliers,europenooutliers,IsFemale,Backbench,Constituency,whenelected,benchposition,subgroupmembership
Kate Hoey,103,82,21,1,0,0,0,0,0,0,0,0,36.790087569492300,22.43,1,0,4.42,3.09,4.64,1.00,1.00,1.00,#NULL!,#NULL!,1,0,Vauxhall,1.00,2.00,1.00
Graham Stringer,69,60,9,1,0,0,0,0,0,0,0,0,48.864457906414300,51.33,0,1,4.11,2.30,4.25,1.00,1.00,1.00,#NULL!,#NULL!,0,0,Blackley and Broughton,1.00,2.00,1.00
John Mann,46,40,6,0,0,0,1,0,0,0,0,1,9.286124401913870,68.32,0,0,3.71,1.95,3.85,1.00,1.00,1.00,#NULL!,#NULL!,0,1,Bassetlaw,1.00,1.00,1.00
Ronnie Campbell,40,36,4,0,0,0,0,0,0,0,1,0,18.627912449988200,59.88,0,0,3.61,1.61,3.71,1.00,1.00,1.00,#NULL!,#NULL!,0,1,Blyth Valley,1.00,1.00,3.00
Kevin Barron,35,32,3,1,0,0,0,0,0,1,0,1,7.844325897187190,66.72,0,0,3.50,1.39,3.58,1.00,1.00,1.00,#NULL!,#NULL!,0,0,Rother Valley,1.00,2.00,2.00
Stephen Hepburn,31,28,3,0,0,0,0,0,0,0,0,0,40.125049392185500,61.62,0,1,3.37,1.39,3.47,1.00,1.00,1.00,#NULL!,#NULL!,0,1,Jarrow,1.00,1.00,1.00
Frank Field,31,25,6,1,0,0,1,0,0,0,0,0,58.433914298147100,51.71,0,0,3.26,1.95,3.47,1.00,1.00,1.00,#NULL!,#NULL!,0,0,Birkenhead,1.00,2.00,1.00
Caroline Flint,27,25,2,1,0,0,0,0,0,0,0,1,11.239888666608600,68.56,0,0,3.26,1.10,3.33,1.00,1.00,1.00,#NULL!,#NULL!,1,0,Don Valley,1.00,2.00,1.00
Rosie Cooper,23,18,5,0,0,0,0,0,0,0,0,0,21.491478056224600,54.94,0,1,2.94,1.79,3.18,1.00,1.00,1.00,#NULL!,#NULL!,1,1,West Lancashire,1.00,1.00,1.00
Jim Fitzpatrick,17,16,1,1,0,0,0,0,0,0,0,1,47.118033121365600,34.19,0,1,2.83,0.69,2.89,1.00,0.00,1.00,#NULL!,#NULL!,0,0,Poplar and Limehouse,1.00,2.00,1.00
Dennis Skinner,21,13,8,0,0,0,0,0,0,0,1,0,11.367398267374600,70.27,0,1,2.64,2.20,3.09,1.00,1.00,1.00,#NULL!,#NULL!,0,1,Bolsover,1.00,1.00,3.00
Gareth Snell,16,13,3,0,0,0,0,1,0,0,0,0,11.757429476542400,65.02,0,0,2.64,1.39,2.83,1.00,1.00,1.00,#NULL!,#NULL!,0,1,Stoke-on-Trent Central,3.00,1.00,1.00
Paul Williams,14,12,2,0,0,0,0,1,0,0,0,0,1.649821640903680,57.80,0,0,2.56,1.10,2.71,1.00,1.00,1.00,#NULL!,#NULL!,0,1,Stockton South,3.00,1.00,1.00
Roger Godsiff,14,11,3,0,0,0,0,0,0,0,0,1,62.500460320382900,33.57,0,1,2.48,1.39,2.71,1.00,1.00,1.00,#NULL!,#NULL!,0,1,"Birmingham, Hall Green",1.00,1.00,1.00
Laura Smith,10,8,2,0,0,1,0,1,0,0,1,0,0.087229905319207,59.00,0,1,2.20,1.10,2.40,1.00,1.00,1.00,#NULL!,8.00,1,0,Crewe and Nantwich,3.00,4.00,3.00
Sarah Champion,7,7,0,0,1,0,0,0,0,0,0,0,30.026632914062700,68.35,0,0,2.08,0.00,2.08,1.00,0.00,1.00,7.00,7.00,1,0,Rotherham,1.00,3.00,1.00
Ian Austin,10,6,4,1,0,0,1,0,0,0,0,1,0.056540735029556,71.43,0,0,1.95,1.61,2.40,1.00,1.00,1.00,#NULL!,6.00,0,0,Dudley North,1.00,2.00,1.00
Siobhain McDonagh,10,6,4,1,0,0,0,0,0,0,0,1,44.422045804065000,44.69,1,0,1.95,1.61,2.40,1.00,1.00,1.00,#NULL!,6.00,1,0,Mitcham and Morden,1.00,2.00,1.00
Grahame Morris,8,6,2,0,1,0,0,0,0,0,1,0,40.952590474095200,66.57,0,0,1.95,1.10,2.20,1.00,1.00,1.00,8.00,6.00,0,0,Easington,1.00,3.00,3.00
Ruth Smeeth,7,6,1,0,0,0,0,0,1,0,0,1,5.645431484229160,72.12,0,0,1.95,0.69,2.08,1.00,0.00,1.00,7.00,6.00,1,1,Stoke-on-Trent North,2.00,1.00,1.00
Emma Lewell-Buck,7,6,1,0,1,0,0,0,0,0,0,1,35.583243402334900,62.05,0,0,1.95,0.69,2.08,1.00,0.00,1.00,7.00,6.00,1,0,South Shields,1.00,3.00,1.00
Ann Clwyd,11,5,6,1,0,0,0,0,0,0,0,0,41.626312810515000,56.96,0,0,1.79,1.95,2.48,1.00,1.00,1.00,#NULL!,5.00,1,0,Cynon Valley,1.00,2.00,1.00
Anna McMorrin,8,5,3,0,0,0,0,1,0,0,0,0,8.023528507170040,39.08,0,0,1.79,1.39,2.20,1.00,1.00,1.00,8.00,5.00,1,1,Cardiff North,3.00,1.00,1.00
Derek Twigg,6,5,1,1,0,0,0,0,0,0,0,0,51.304576113736400,57.82,0,0,1.79,0.69,1.95,1.00,0.00,1.00,6.00,5.00,0,0,Halton,1.00,2.00,1.00
Yvonne Fovargue,5,4,1,0,1,0,0,0,0,0,0,1,28.853898110071800,65.00,0,0,1.61,0.69,1.79,1.00,0.00,1.00,5.00,4.00,1,0,Makerfield,1.00,3.00,1.00
Jon Cruddas,5,4,1,1,0,0,0,0,0,1,0,1,10.147677944288100,69.93,0,1,1.61,0.69,1.79,1.00,0.00,1.00,5.00,4.00,0,0,Dagenham and Rainham,1.00,2.00,2.00
Mike Hill,5,4,1,0,0,0,0,1,0,0,0,0,18.286124058802400,69.57,0,1,1.61,0.69,1.79,1.00,0.00,1.00,5.00,4.00,0,1,Hartlepool,3.00,1.00,1.00
Melanie Onn,4,4,0,0,1,0,0,0,1,1,0,1,7.221080487598880,71.45,1,0,1.61,0.00,1.61,1.00,0.00,1.00,4.00,4.00,1,0,Great Grimsby,2.00,3.00,2.00
Jo Stevens,9,3,6,0,1,0,0,0,1,1,0,1,42.599152773304900,30.35,0,1,1.39,1.95,2.30,1.00,1.00,1.00,9.00,3.00,1,0,Cardiff Central,2.00,3.00,2.00
Owen Smith,9,3,6,0,1,0,0,0,0,1,0,1,28.696044517972600,45.82,1,0,1.39,1.95,2.30,1.00,1.00,1.00,9.00,3.00,0,0,Pontypridd,1.00,3.00,2.00
John Spellar,8,3,5,1,0,0,0,0,0,0,0,1,40.996368701188800,61.83,0,0,1.39,1.79,2.20,1.00,1.00,1.00,8.00,3.00,0,0,Warley,1.00,2.00,1.00
Helen Jones,8,3,5,1,0,0,0,0,0,0,0,1,19.749778428179800,58.65,0,0,1.39,1.79,2.20,1.00,1.00,1.00,8.00,3.00,1,0,Warrington North,1.00,2.00,1.00
Kevan Jones,6,3,3,0,1,0,0,0,0,0,0,1,29.893263099528600,60.13,0,0,1.39,1.39,1.95,1.00,1.00,1.00,6.00,3.00,0,0,North Durham,1.00,3.00,1.00
Stephanie Peacock,4,3,1,0,0,1,0,1,0,0,0,0,32.575534628212600,70.78,1,0,1.39,0.69,1.61,1.00,0.00,1.00,4.00,3.00,1,0,Barnsley East,3.00,4.00,1.00
Dan Jarvis,3,3,0,1,0,0,0,0,0,1,0,1,39.772814490751400,68.38,0,0,1.39,0.00,1.39,1.00,0.00,1.00,3.00,3.00,0,0,Barnsley Central,1.00,2.00,2.00
Daniel Zeichner,11,2,9,0,1,0,0,0,1,1,0,1,22.635606250223400,26.23,0,0,1.10,2.30,2.48,1.00,1.00,1.00,#NULL!,2.00,0,0,Cambridge,2.00,3.00,2.00
Ian Murray,9,2,7,0,1,0,0,0,0,1,0,1,32.428929765886200,22.15,0,0,1.10,2.08,2.30,1.00,1.00,1.00,9.00,2.00,0,0,Edinburgh South,1.00,3.00,2.00
Adrian Bailey,6,2,4,0,0,0,0,0,0,0,0,1,12.356624369701300,69.14,0,0,1.10,1.61,1.95,1.00,1.00,1.00,6.00,2.00,0,1,West Bromwich West,1.00,1.00,1.00
Chris Bryant,6,2,4,0,1,0,0,0,0,0,0,1,41.735487005100800,61.24,0,0,1.10,1.61,1.95,1.00,1.00,1.00,6.00,2.00,0,0,Rhondda,1.00,3.00,1.00
Tonia Antoniazzi,6,2,4,0,0,0,0,1,0,0,0,0,7.172634720028080,50.18,0,1,1.10,1.61,1.95,1.00,1.00,1.00,6.00,2.00,1,1,Gower,3.00,1.00,1.00
Louise Ellman,5,2,3,0,0,0,1,0,0,1,0,1,74.858392336526400,26.89,0,1,1.10,1.39,1.79,1.00,1.00,1.00,5.00,2.00,1,1,"Liverpool, Riverside",1.00,1.00,2.00
Jim Cunningham,5,2,3,0,0,0,0,0,0,0,0,1,16.905273458273900,48.90,0,0,1.10,1.39,1.79,1.00,1.00,1.00,5.00,2.00,0,1,Coventry South,1.00,1.00,1.00
Wes Streeting,4,2,2,0,0,0,0,0,1,0,0,1,18.207060690202300,52.57,0,0,1.10,1.10,1.61,1.00,1.00,1.00,4.00,2.00,0,1,Ilford North,2.00,1.00,1.00
Neil Coyle,8,1,7,0,1,0,0,0,1,0,0,1,22.166401804480400,27.00,1,0,0.69,2.08,2.20,1.00,1.00,1.00,8.00,1.00,0,0,Bermondsey and Old Southwark,2.00,3.00,1.00
Paul Farrelly,7,1,6,0,0,0,0,0,0,0,0,1,0.068427535240181,61.67,0,1,0.69,1.95,2.08,1.00,1.00,1.00,7.00,1.00,0,1,Newcastle-under-Lyme,1.00,1.00,1.00
Geraint Davies,7,1,6,0,0,0,0,0,0,0,0,0,28.426586556515200,42.66,0,1,0.69,1.95,2.08,1.00,1.00,1.00,7.00,1.00,0,1,Swansea West,1.00,1.00,1.00
Stella Creasy,7,1,6,1,0,0,0,0,0,0,0,1,66.503956961552000,33.49,0,1,0.69,1.95,2.08,1.00,1.00,1.00,7.00,1.00,1,0,Walthamstow,1.00,2.00,1.00
David Lammy,7,1,6,1,0,0,0,0,0,0,0,0,70.094651290054500,23.78,0,1,0.69,1.95,2.08,1.00,1.00,1.00,7.00,1.00,0,0,Tottenham,1.00,2.00,1.00
Barry Sheerman,7,1,6,1,0,0,0,0,0,0,0,1,27.387416160970900,51.08,0,0,0.69,1.95,2.08,1.00,1.00,1.00,7.00,1.00,0,0,Huddersfield,1.00,2.00,1.00
Mike Gapes,6,1,5,0,0,0,1,0,0,0,0,1,54.888391695717700,43.87,0,1,0.69,1.79,1.95,1.00,1.00,1.00,6.00,1.00,0,1,Ilford South,1.00,1.00,1.00
Chris Leslie,6,1,5,1,0,0,1,0,0,0,0,1,49.813105500038100,42.88,0,1,0.69,1.79,1.95,1.00,1.00,1.00,6.00,1.00,0,0,Nottingham East,1.00,2.00,1.00
Catherine McKinnell,6,1,5,0,1,0,0,0,0,0,0,1,21.431825712392300,57.15,1,0,0.69,1.79,1.95,1.00,1.00,1.00,6.00,1.00,1,0,Newcastle upon Tyne North,1.00,3.00,1.00
Ben Bradshaw,6,1,5,1,0,0,0,0,0,0,0,1,29.079984843837300,44.71,0,0,0.69,1.79,1.95,1.00,1.00,1.00,6.00,1.00,0,0,Exeter,1.00,2.00,1.00
Peter Kyle,6,1,5,0,0,0,0,0,1,0,0,1,32.566497673449500,33.92,0,0,0.69,1.79,1.95,1.00,1.00,1.00,6.00,1.00,0,1,Hove,2.00,1.00,1.00
Angela Smith,5,1,4,1,0,0,1,0,0,0,0,1,2.655311627533290,61.35,0,0,0.69,1.61,1.79,1.00,1.00,1.00,5.00,1.00,1,0,Penistone and Stocksbridge,1.00,2.00,1.00
Gavin Shuker,5,1,4,1,0,0,1,0,0,0,0,1,30.184466650770600,55.44,0,1,0.69,1.61,1.79,1.00,1.00,1.00,5.00,1.00,0,0,Luton South,1.00,2.00,1.00
George Howarth,5,1,4,1,0,0,0,0,0,0,0,1,76.084566443775500,52.44,0,1,0.69,1.61,1.79,1.00,1.00,1.00,5.00,1.00,0,0,Knowsley,1.00,2.00,1.00
Kerry McCarthy,5,1,4,0,1,0,0,0,0,0,0,1,26.366660761038600,46.80,0,1,0.69,1.61,1.79,1.00,1.00,1.00,5.00,1.00,1,0,Bristol East,1.00,3.00,1.00
Ruth Cadbury,5,1,4,0,1,0,0,0,1,1,0,1,19.766668289279300,43.31,0,1,0.69,1.61,1.79,1.00,1.00,1.00,5.00,1.00,1,0,Brentford and Isleworth,2.00,3.00,2.00
Tulip Siddiq,5,1,4,0,1,0,0,0,1,0,0,0,26.640642388754700,23.48,0,1,0.69,1.61,1.79,1.00,1.00,1.00,5.00,1.00,1,0,Hampstead and Kilburn,2.00,3.00,1.00
Madeleine Moon,5,1,4,0,0,0,0,0,0,0,0,1,10.865795861750000,49.65,0,0,0.69,1.61,1.79,1.00,1.00,1.00,5.00,1.00,1,1,Bridgend,1.00,1.00,1.00
Rushanara Ali,5,1,4,1,0,0,0,0,0,1,0,1,59.160885917258600,30.93,1,0,0.69,1.61,1.79,1.00,1.00,1.00,5.00,1.00,1,0,Bethnal Green and Bow,1.00,2.00,2.00
Stephen Kinnock,4,1,3,0,0,0,0,0,1,1,0,1,50.381748226523900,59.97,0,0,0.69,1.39,1.61,1.00,1.00,1.00,4.00,1.00,0,1,Aberavon,2.00,1.00,2.00
Phil Wilson,4,1,3,1,0,0,0,0,0,0,0,1,14.568055588949500,58.95,0,0,0.69,1.39,1.61,1.00,1.00,1.00,4.00,1.00,0,0,Sedgefield,1.00,2.00,1.00
Mary Creagh,4,1,3,1,0,0,0,0,0,0,0,1,4.701408694149160,62.77,0,1,0.69,1.39,1.61,1.00,1.00,1.00,4.00,1.00,1,0,Wakefield,1.00,2.00,1.00
Liz Kendall,4,1,3,1,0,0,0,0,0,0,0,1,29.483898485817800,51.67,0,0,0.69,1.39,1.61,1.00,1.00,1.00,4.00,1.00,1,0,Leicester West,1.00,2.00,1.00
Luciana Berger,4,1,3,0,1,0,1,0,0,0,0,0,67.520623281393200,35.85,0,0,0.69,1.39,1.61,1.00,1.00,1.00,4.00,1.00,1,0,"Liverpool, Wavertree",1.00,3.00,1.00
Chuka Umunna,4,1,3,1,0,0,1,0,0,0,0,1,47.109956089255300,20.54,1,0,0.69,1.39,1.61,1.00,1.00,1.00,4.00,1.00,0,0,Streatham,1.00,2.00,1.00
Margaret Hodge,3,1,2,1,0,0,0,0,0,0,0,1,45.319742444262600,60.33,0,0,0.69,1.10,1.39,1.00,1.00,1.00,3.00,1.00,1,0,Barking,1.00,2.00,1.00
Justin Madders,3,1,2,0,1,0,0,0,1,1,0,1,22.360077740042000,57.77,0,1,0.69,1.10,1.39,1.00,1.00,1.00,3.00,1.00,0,0,Ellesmere Port and Neston,2.00,3.00,2.00
Stephen Timms,3,1,2,1,0,0,0,0,0,1,0,1,70.423604612151900,46.92,0,0,0.69,1.10,1.39,1.00,1.00,1.00,3.00,1.00,0,0,East Ham,1.00,2.00,2.00
Lisa Nandy,2,1,1,0,1,0,0,0,0,0,0,1,33.711244794076800,62.71,0,0,0.69,0.69,1.10,0.00,0.00,1.00,2.00,1.00,1,0,Wigan,1.00,3.00,1.00
Thelma Walker,2,1,1,0,0,0,0,1,0,0,0,0,1.514399205561070,49.82,0,0,0.69,0.69,1.10,0.00,0.00,1.00,2.00,1.00,1,1,Colne Valley,3.00,1.00,1.00
Steve McCabe,2,1,1,1,0,0,0,0,0,0,0,1,31.044197203225400,46.91,0,0,0.69,0.69,1.10,0.00,0.00,1.00,2.00,1.00,0,0,"Birmingham, Selly Oak",1.00,2.00,1.00
Kate Osamor,2,1,1,0,0,0,0,0,1,0,1,0,48.342414945739200,45.51,0,0,0.69,0.69,1.10,0.00,0.00,1.00,2.00,1.00,1,0,Edmonton,2.00,1.00,3.00
Karen Lee,2,1,1,0,0,1,0,1,0,0,1,0,3.156944045322050,57.31,0,1,0.69,0.69,1.10,0.00,0.00,1.00,2.00,1.00,1,0,Lincoln,3.00,4.00,3.00
Lloyd Russell-Moyle,2,1,1,0,0,0,0,1,0,0,1,0,20.054057349564000,43.43,0,0,0.69,0.69,1.10,0.00,0.00,1.00,2.00,1.00,0,1,"Brighton, Kemptown",3.00,1.00,3.00
Stephen Morgan,2,1,1,0,0,1,0,1,0,0,0,0,3.486963155768970,51.76,0,1,0.69,0.69,1.10,0.00,0.00,1.00,2.00,1.00,0,0,Portsmouth South,3.00,4.00,1.00
Emma Dent Coad,2,1,1,0,0,0,0,1,0,0,1,0,0.051710318794116,31.35,0,1,0.69,0.69,1.10,0.00,0.00,1.00,2.00,1.00,1,1,Kensington,3.00,1.00,3.00
Gloria De Piero,1,1,0,0,1,0,0,0,0,0,0,1,0.882123497289620,70.58,0,0,0.69,0.00,0.69,0.00,0.00,1.00,1.00,1.00,1,0,Ashfield,1.00,3.00,1.00
Jo Platt,1,1,0,0,0,1,0,1,0,0,0,0,20.382301489098400,63.45,0,0,0.69,0.00,0.69,0.00,0.00,1.00,1.00,1.00,1,0,Leigh,3.00,4.00,1.00
Alan Campbell,1,1,0,0,0,1,0,0,0,0,0,0,20.517781138977800,47.84,0,0,0.69,0.00,0.69,0.00,0.00,1.00,1.00,1.00,0,0,Tynemouth,1.00,4.00,1.00
Christian Matheson,1,1,0,0,0,1,0,0,1,1,0,1,16.263448006947700,42.71,0,0,0.69,0.00,0.69,0.00,0.00,1.00,1.00,1.00,0,0,City of Chester,2.00,4.00,2.00
Toby Perkins,1,1,0,0,1,0,0,0,0,0,0,1,20.040895528616400,59.32,0,1,0.69,0.00,0.69,0.00,0.00,1.00,1.00,1.00,0,0,Chesterfield,1.00,3.00,1.00
Kelvin Hopkins,1,1,0,0,1,0,0,0,0,0,0,0,30.809489082407400,58.21,0,1,0.69,0.00,0.69,0.00,0.00,1.00,1.00,1.00,0,0,Luton North,1.00,3.00,1.00
Albert Owen,8,0,8,0,0,0,0,0,0,0,0,1,14.073915486926900,50.94,0,1,0.00,2.20,2.20,1.00,1.00,0.00,8.00,0.00,0,1,Ynys MÃ´n,1.00,1.00,1.00
Margaret Beckett,6,0,6,1,0,0,0,0,0,0,0,1,24.826733765947100,61.61,1,0,0.00,1.95,1.95,1.00,1.00,0.00,6.00,0.00,1,0,Derby South,1.00,2.00,1.00
John Grogan,6,0,6,0,0,0,0,0,0,1,0,0,0.462157249487566,53.33,0,0,0.00,1.95,1.95,1.00,1.00,0.00,6.00,0.00,0,1,Keighley,1.00,1.00,2.00
Ann Coffey,5,0,5,1,0,0,1,0,0,0,0,1,34.847390718274600,46.79,0,1,0.00,1.79,1.79,1.00,1.00,0.00,5.00,0.00,1,0,Stockport,1.00,2.00,1.00
Helen Hayes,5,0,5,0,0,0,0,0,1,0,0,1,50.150508522879000,22.05,0,1,0.00,1.79,1.79,1.00,1.00,0.00,5.00,0.00,1,1,Dulwich and West Norwood,2.00,1.00,1.00
Ged Killen,5,0,5,0,0,0,0,1,0,0,0,0,0.520915238245007,37.34,1,0,0.00,1.79,1.79,1.00,1.00,0.00,5.00,0.00,0,1,Rutherglen and Hamilton West,3.00,1.00,1.00
Martin Whitfield,5,0,5,0,0,0,0,1,0,0,0,0,5.517377143061670,35.40,1,0,0.00,1.79,1.79,1.00,1.00,0.00,5.00,0.00,0,1,East Lothian,3.00,1.00,1.00
Karen Buck,5,0,5,1,0,0,0,0,0,1,0,1,26.589675482157200,32.98,1,0,0.00,1.79,1.79,1.00,1.00,0.00,5.00,0.00,1,0,Westminster North,1.00,2.00,2.00
Rupa Huq,5,0,5,0,1,0,0,0,1,0,0,1,24.948502041848800,29.15,1,0,0.00,1.79,1.79,1.00,1.00,0.00,5.00,0.00,1,0,Ealing Central and Acton,2.00,3.00,1.00
Pat McFadden,4,0,4,0,1,0,0,0,0,0,0,1,23.451961216394800,68.14,0,0,0.00,1.61,1.61,1.00,1.00,0.00,4.00,0.00,0,0,Wolverhampton South East,1.00,3.00,1.00
Fiona Onasanya,4,0,4,0,0,1,0,1,0,0,0,0,1.271523733713180,61.31,0,1,0.00,1.61,1.61,1.00,1.00,0.00,4.00,0.00,1,0,Peterborough,3.00,4.00,1.00
Ian Lucas,4,0,4,1,0,0,0,0,0,1,0,1,5.220563091302860,57.33,1,0,0.00,1.61,1.61,1.00,1.00,0.00,4.00,0.00,0,0,Wrexham,1.00,2.00,2.00
Rosie Duffield,4,0,4,0,0,0,0,1,0,1,0,0,0.329225352112676,45.34,0,1,0.00,1.61,1.61,1.00,1.00,0.00,4.00,0.00,1,1,Canterbury,3.00,1.00,2.00
Matt Western,4,0,4,0,0,0,0,1,0,0,0,0,2.231060956433260,41.13,0,1,0.00,1.61,1.61,1.00,1.00,0.00,4.00,0.00,0,1,Warwick and Leamington,3.00,1.00,1.00
Darren Jones,4,0,4,0,0,0,0,1,0,0,0,0,8.801020408163260,38.85,0,1,0.00,1.61,1.61,1.00,1.00,0.00,4.00,0.00,0,1,Bristol North West,3.00,1.00,1.00
Alex Sobel,4,0,4,0,0,0,0,1,0,0,0,0,9.125672435024950,35.40,0,1,0.00,1.61,1.61,1.00,1.00,0.00,4.00,0.00,0,1,Leeds North West,3.00,1.00,1.00
Stephen Doughty,4,0,4,0,1,0,0,0,0,0,0,1,29.296751813308100,44.94,0,0,0.00,1.61,1.61,1.00,1.00,0.00,4.00,0.00,0,0,Cardiff South and Penarth,1.00,3.00,1.00
Catherine West,4,0,4,0,1,0,0,0,1,0,0,0,49.344228083412200,24.98,1,0,0.00,1.61,1.61,1.00,1.00,0.00,4.00,0.00,1,0,Hornsey and Wood Green,2.00,3.00,1.00
Emma Reynolds,3,0,3,1,0,0,0,0,0,0,0,1,12.564369453270500,67.71,0,0,0.00,1.39,1.39,1.00,1.00,0.00,3.00,0.00,1,0,Wolverhampton North East,1.00,2.00,1.00
Helen Goodman,3,0,3,0,1,0,0,0,0,1,0,1,1.159862295233470,60.62,0,0,0.00,1.39,1.39,1.00,1.00,0.00,3.00,0.00,1,0,Bishop Auckland,1.00,3.00,2.00
Susan Elan Jones,3,0,3,0,1,0,0,0,0,0,0,1,11.624059347814400,60.26,0,0,0.00,1.39,1.39,1.00,1.00,0.00,3.00,0.00,1,0,Clwyd South,1.00,3.00,1.00
Sandy Martin,3,0,3,0,0,1,0,1,0,0,0,0,1.625046443866470,56.57,0,0,0.00,1.39,1.39,1.00,1.00,0.00,3.00,0.00,0,0,Ipswich,3.00,4.00,1.00
Seema Malhotra,3,0,3,0,1,0,0,0,0,1,0,1,29.424632734267400,55.93,0,0,0.00,1.39,1.39,1.00,1.00,0.00,3.00,0.00,1,0,Feltham and Heston,1.00,3.00,2.00
Holly Lynch,3,0,3,0,0,1,0,0,1,0,0,1,11.135968182948000,58.82,0,1,0.00,1.39,1.39,1.00,1.00,0.00,3.00,0.00,1,0,Halifax,2.00,4.00,1.00
Gareth Thomas,3,0,3,0,1,0,0,0,0,1,0,1,26.440274054215000,45.06,0,1,0.00,1.39,1.39,1.00,1.00,0.00,3.00,0.00,0,0,Harrow West,1.00,3.00,2.00
Ellie Reeves,3,0,3,0,0,0,0,1,0,0,0,0,43.540867734416100,34.47,0,1,0.00,1.39,1.39,1.00,1.00,0.00,3.00,0.00,1,1,Lewisham West and Penge,3.00,1.00,1.00
Meg Hillier,3,0,3,1,0,0,0,0,0,0,0,1,68.524406546952300,22.18,0,1,0.00,1.39,1.39,1.00,1.00,0.00,3.00,0.00,1,0,Hackney South and Shoreditch,1.00,2.00,1.00
Thangam Debbonaire,3,0,3,0,0,1,0,0,1,0,0,1,52.139425762484600,20.71,0,1,0.00,1.39,1.39,1.00,1.00,0.00,3.00,0.00,1,0,Bristol West,2.00,4.00,1.00
Matt Rodda,3,0,3,0,0,1,0,1,0,0,0,0,6.786994460335270,38.24,1,0,0.00,1.39,1.39,1.00,1.00,0.00,3.00,0.00,0,0,Reading East,3.00,4.00,1.00
Janet Daby,3,0,3,0,0,0,0,1,0,0,0,0,25.600000000000000,35.45,0,0,0.00,1.39,1.39,1.00,1.00,0.00,3.00,0.00,1,1,Lewisham East,3.00,1.00,1.00
Andy Slaughter,3,0,3,0,1,0,0,0,0,1,0,1,35.694327489856800,31.04,0,0,0.00,1.39,1.39,1.00,1.00,0.00,3.00,0.00,0,0,Hammersmith,1.00,3.00,2.00
Jess Phillips,2,0,2,0,0,0,0,0,1,0,0,1,37.243269965394800,60.09,0,0,0.00,1.10,1.10,0.00,1.00,0.00,2.00,0.00,1,1,"Birmingham, Yardley",2.00,1.00,1.00
Geoffrey Robinson,2,0,2,1,0,0,0,0,0,0,0,0,17.211980180144000,58.67,0,0,0.00,1.10,1.10,0.00,1.00,0.00,2.00,0.00,0,0,Coventry North West,1.00,2.00,1.00
Rachel Reeves,2,0,2,1,0,0,0,0,0,0,0,1,37.805773283762300,54.98,0,0,0.00,1.10,1.10,0.00,1.00,0.00,2.00,0.00,1,0,Leeds West,1.00,2.00,1.00
Tan Dhesi,2,0,2,0,0,0,0,1,0,0,0,0,31.306750161156600,54.10,0,0,0.00,1.10,1.10,0.00,1.00,0.00,2.00,0.00,0,1,Slough,3.00,1.00,1.00
Chris Williamson,2,0,2,0,0,1,0,1,0,0,1,0,4.139957264957260,53.74,0,0,0.00,1.10,1.10,0.00,1.00,0.00,2.00,0.00,0,0,Derby North,3.00,4.00,3.00
Anna Turley,2,0,2,0,1,0,0,0,1,1,0,1,22.286184210526300,67.57,0,1,0.00,1.10,1.10,0.00,1.00,0.00,2.00,0.00,1,0,Redcar,2.00,3.00,2.00
Graham Jones,2,0,2,1,0,0,0,0,0,0,0,1,12.864475023229000,65.75,0,1,0.00,1.10,1.10,0.00,1.00,0.00,2.00,0.00,0,0,Hyndburn,1.00,2.00,1.00
Teresa Pearce,2,0,2,0,1,0,0,0,0,0,0,1,22.521590500179900,54.33,0,1,0.00,1.10,1.10,0.00,1.00,0.00,2.00,0.00,1,0,Erith and Thamesmead,1.00,3.00,1.00
Mike Kane,2,0,2,0,0,1,0,0,0,0,0,1,32.596082537189700,49.87,0,0,0.00,1.10,1.10,0.00,1.00,0.00,2.00,0.00,0,0,Wythenshawe and Sale East,1.00,4.00,1.00
Joan Ryan,2,0,2,1,0,0,1,0,1,0,0,1,21.099557294347700,49.22,0,1,0.00,1.10,1.10,0.00,1.00,0.00,2.00,0.00,1,0,Enfield North,2.00,2.00,1.00
Kate Green,2,0,2,1,0,0,0,0,0,1,0,1,39.260026698013500,48.47,0,1,0.00,1.10,1.10,0.00,1.00,0.00,2.00,0.00,1,0,Stretford and Urmston,1.00,2.00,2.00
Maria Eagle,2,0,2,0,1,0,0,0,0,0,0,1,60.066888382347400,47.88,0,1,0.00,1.10,1.10,0.00,1.00,0.00,2.00,0.00,1,0,Garston and Halewood,1.00,3.00,1.00
Alison McGovern,2,0,2,1,0,0,0,0,0,0,0,1,18.415753955083500,46.55,0,1,0.00,1.10,1.10,0.00,1.00,0.00,2.00,0.00,1,0,Wirral South,1.00,2.00,1.00
Hilary Benn,2,0,2,0,1,0,0,0,0,0,0,1,49.709479160111500,47.43,0,0,0.00,1.10,1.10,0.00,1.00,0.00,2.00,0.00,0,0,Leeds Central,1.00,3.00,1.00
Preet Gill,2,0,2,0,0,1,0,1,0,0,0,0,15.860313675135200,47.35,0,0,0.00,1.10,1.10,0.00,1.00,0.00,2.00,0.00,1,0,"Birmingham, Edgbaston",3.00,4.00,1.00
Danielle Rowley,2,0,2,0,0,1,0,1,0,0,1,0,1.954807501159630,37.94,0,1,0.00,1.10,1.10,0.00,1.00,0.00,2.00,0.00,1,0,Midlothian,3.00,4.00,3.00
Virendra Sharma,2,0,2,0,0,0,0,0,0,0,0,0,48.931221619226900,41.83,0,0,0.00,1.10,1.10,0.00,1.00,0.00,2.00,0.00,0,1,"Ealing, Southall",1.00,1.00,1.00
Marsha De Cordova,2,0,2,0,0,1,0,1,0,0,1,0,4.388099822005880,23.04,1,0,0.00,1.10,1.10,0.00,1.00,0.00,2.00,0.00,1,0,Battersea,3.00,4.00,3.00
Karl Turner,1,0,1,0,0,1,0,0,0,1,0,1,28.374911294284600,72.63,0,0,0.00,0.69,0.69,0.00,0.00,0.00,1.00,0.00,0,0,Kingston upon Hull East,1.00,4.00,2.00
Ed Miliband,1,0,1,1,0,0,0,0,0,1,0,1,33.144261675174800,72.06,0,0,0.00,0.69,0.69,0.00,0.00,0.00,1.00,0.00,0,0,Doncaster North,1.00,2.00,2.00
Julie Cooper,1,0,1,0,0,1,0,0,1,0,0,1,15.768180689997500,66.61,0,0,0.00,0.69,0.69,0.00,0.00,0.00,1.00,0.00,1,0,Burnley,2.00,4.00,1.00
Alex Cunningham,1,0,1,0,0,1,0,0,0,1,0,1,20.395029369778300,66.50,0,0,0.00,0.69,0.69,0.00,0.00,0.00,1.00,0.00,0,0,Stockton North,1.00,4.00,2.00
Jack Dromey,1,0,1,0,0,1,0,0,0,1,0,1,19.574388048472400,62.97,0,0,0.00,0.69,0.69,0.00,0.00,0.00,1.00,0.00,0,0,"Birmingham, Erdington",1.00,4.00,2.00
Bridget Phillipson,1,0,1,1,0,0,0,0,0,0,0,1,29.751687560270000,62.43,0,0,0.00,0.69,0.69,0.00,0.00,0.00,1.00,0.00,1,0,Houghton and Sunderland South,1.00,2.00,1.00
Richard Burden,1,0,1,0,1,0,0,0,0,1,0,1,10.523586182014900,61.79,0,0,0.00,0.69,0.69,0.00,0.00,0.00,1.00,0.00,0,0,"Birmingham, Northfield",1.00,3.00,2.00
Julie Elliott,1,0,1,1,0,0,0,0,0,0,0,1,22.160892021901500,59.94,0,0,0.00,0.69,0.69,0.00,0.00,0.00,1.00,0.00,1,0,Sunderland Central,1.00,2.00,1.00
Debbie Abrahams,1,0,1,0,0,1,0,0,0,0,0,0,17.394816846312400,59.92,0,0,0.00,0.69,0.69,0.00,0.00,0.00,1.00,0.00,1,0,Oldham East and Saddleworth,1.00,4.00,1.00
Chris Evans,1,0,1,0,0,0,0,0,0,0,0,1,31.618319341700600,58.87,0,0,0.00,0.69,0.69,0.00,0.00,0.00,1.00,0.00,0,1,Islwyn,1.00,1.00,1.00
Conor McGinn,1,0,1,0,1,0,0,0,1,0,0,1,36.649277209191100,58.29,0,0,0.00,0.69,0.69,0.00,0.00,0.00,1.00,0.00,0,0,St Helens North,2.00,3.00,1.00
Marie Rimmer,1,0,1,0,0,1,0,0,1,0,0,1,46.029194871988800,56.12,0,0,0.00,0.69,0.69,0.00,0.00,0.00,1.00,0.00,1,0,St Helens South and Whiston,2.00,4.00,1.00
Paul Flynn,1,0,1,0,1,0,0,0,0,0,0,0,13.025461577420600,53.01,0,0,0.00,0.69,0.69,0.00,0.00,0.00,1.00,0.00,0,0,Newport West,1.00,3.00,1.00
Clive Efford,1,0,1,0,1,0,0,0,0,1,0,1,13.640992308525600,51.82,0,0,0.00,0.69,0.69,0.00,0.00,0.00,1.00,0.00,0,0,Eltham,1.00,3.00,2.00
Liam Byrne,1,0,1,1,0,0,0,0,0,1,0,1,66.875026943139200,51.48,0,0,0.00,0.69,0.69,0.00,0.00,0.00,1.00,0.00,0,0,"Birmingham, Hodge Hill",1.00,2.00,2.00
Lilian Greenwood,1,0,1,0,1,0,0,0,0,1,0,1,31.502836127906200,46.47,1,0,0.00,0.69,0.69,0.00,0.00,0.00,1.00,0.00,1,0,Nottingham South,1.00,3.00,2.00
Mark Hendrick,1,0,1,1,0,0,0,0,0,0,0,0,44.169452481950700,56.85,0,1,0.00,0.69,0.69,0.00,0.00,0.00,1.00,0.00,0,0,Preston,1.00,2.00,1.00
John Woodcock,1,0,1,1,0,0,0,0,0,0,0,1,0.439167892414372,56.79,0,1,0.00,0.69,0.69,0.00,0.00,0.00,1.00,0.00,0,0,Barrow and Furness,1.00,2.00,1.00
Ian Mearns,1,0,1,0,0,0,0,0,0,0,1,0,41.208464954991300,56.05,0,1,0.00,0.69,0.69,0.00,0.00,0.00,1.00,0.00,0,1,Gateshead,1.00,1.00,3.00
Laura Pidcock,1,0,1,0,0,1,0,1,0,0,1,0,18.354139701891300,54.98,0,1,0.00,0.69,0.69,0.00,0.00,0.00,1.00,0.00,1,0,North West Durham,3.00,4.00,3.00
Dan Carden,1,0,1,0,0,1,0,1,0,0,1,0,77.140555015759400,53.80,0,1,0.00,0.69,0.69,0.00,0.00,0.00,1.00,0.00,0,0,"Liverpool, Walton",3.00,4.00,3.00
James Frith,1,0,1,0,0,0,0,1,0,0,0,0,9.133039684362150,53.66,0,1,0.00,0.69,0.69,0.00,0.00,0.00,1.00,0.00,0,1,Bury North,3.00,1.00,1.00
Mohammad Yasin,1,0,1,0,0,0,0,1,0,0,0,0,1.627475247524750,51.95,0,1,0.00,0.69,0.69,0.00,0.00,0.00,1.00,0.00,0,1,Bedford,3.00,1.00,1.00
Sarah Jones,1,0,1,0,0,1,0,1,0,0,0,0,9.899984235693890,50.31,0,1,0.00,0.69,0.69,0.00,0.00,0.00,1.00,0.00,1,0,Croydon Central,3.00,4.00,1.00
Mike Amesbury,1,0,1,0,0,1,0,1,0,0,0,0,7.760851955031310,50.20,0,1,0.00,0.69,0.69,0.00,0.00,0.00,1.00,0.00,0,0,Weaver Vale,3.00,4.00,1.00
Fabian Hamilton,1,0,1,0,0,1,0,0,0,0,0,0,32.059095454631200,37.33,0,0,0.00,0.69,0.69,0.00,0.00,0.00,1.00,0.00,0,0,Leeds North East,1.00,4.00,1.00
Matthew Pennycook,1,0,1,0,1,0,0,0,1,1,0,1,39.005008850224000,35.67,0,0,0.00,0.69,0.69,0.00,0.00,0.00,1.00,0.00,0,0,Greenwich and Woolwich,2.00,3.00,2.00
Heidi Alexander,1,0,1,0,1,0,1,0,0,0,0,1,44.941844452448000,35.45,0,0,0.00,0.69,0.69,0.00,0.00,0.00,1.00,0.00,1,0,Lewisham East,1.00,3.00,1.00
Bambos Charalambous,1,0,1,0,0,0,0,1,0,0,0,0,9.011339182254590,37.88,0,1,0.00,0.69,0.69,0.00,0.00,0.00,1.00,0.00,0,1,"Enfield, Southgate",3.00,1.00,1.00
John Cryer,1,0,1,0,0,0,0,0,0,0,0,0,48.961514304896800,35.01,0,1,0.00,0.69,0.69,0.00,0.00,0.00,1.00,0.00,0,1,Leyton and Wanstead,1.00,1.00,1.00
Yvette Cooper,0,0,0,1,0,0,0,0,0,1,0,1,29.474903945843700,69.26,0,0,0.00,0.00,0.00,0.00,0.00,0.00,0.00,0.00,1,0,"Normanton, Pontefract and Castleford",1.00,2.00,2.00
Clive Betts,0,0,0,1,0,0,0,0,0,1,0,1,27.062115790439400,66.49,0,0,0.00,0.00,0.00,0.00,0.00,0.00,0.00,0.00,0,0,Sheffield South East,1.00,2.00,2.00
Alex Norris,0,0,0,0,0,0,0,1,0,0,0,0,29.123933296797900,63.81,0,0,0.00,0.00,0.00,0.00,0.00,0.00,0.00,0.00,0,1,Nottingham North,3.00,1.00,1.00
Sharon Hodgson,0,0,0,0,0,1,0,0,0,1,0,1,31.892344851382600,61.85,0,0,0.00,0.00,0.00,0.00,0.00,0.00,0.00,0.00,1,0,Washington and Sunderland West,1.00,4.00,2.00
Jim McMahon,0,0,0,0,0,1,0,0,1,0,0,1,37.560059404210700,61.31,0,0,0.00,0.00,0.00,0.00,0.00,0.00,0.00,0.00,0,0,Oldham West and Royton,2.00,4.00,1.00
Chris Elmore,0,0,0,0,0,1,0,0,1,0,0,1,37.283625416621800,59.75,0,0,0.00,0.00,0.00,0.00,0.00,0.00,0.00,0.00,0,0,Ogmore,2.00,4.00,1.00
David Crausby,0,0,0,0,0,0,0,0,0,0,0,0,8.403603125069160,57.77,0,0,0.00,0.00,0.00,0.00,0.00,0.00,0.00,0.00,0,1,Bolton North East,1.00,1.00,1.00
Mark Tami,0,0,0,0,0,0,0,0,0,0,0,0,11.695710455764000,57.75,0,0,0.00,0.00,0.00,0.00,0.00,0.00,0.00,0.00,0,1,Alyn and Deeside,1.00,1.00,1.00
Vernon Coaker,0,0,0,0,1,0,0,0,0,1,0,1,9.082465848844850,56.20,0,0,0.00,0.00,0.00,0.00,0.00,0.00,0.00,0.00,0,0,Gedling,1.00,3.00,2.00
Ivan Lewis,0,0,0,1,0,0,1,0,0,0,0,0,11.698372229848900,54.53,0,0,0.00,0.00,0.00,0.00,0.00,0.00,0.00,0.00,0,0,Bury South,1.00,2.00,1.00
Eleanor Smith,0,0,0,0,0,0,0,1,0,0,0,0,5.159873423699990,54.37,0,0,0.00,0.00,0.00,0.00,0.00,0.00,0.00,0.00,1,1,Wolverhampton South West,3.00,1.00,1.00
Keith Vaz,0,0,0,1,0,0,0,0,0,0,0,0,42.781931939569600,53.16,1,0,0.00,0.00,0.00,0.00,0.00,0.00,0.00,0.00,0,0,Leicester East,1.00,2.00,1.00
Ruth Jones,0,0,0,0,0,0,0,1,0,0,0,0,8.300000000000000,53.01,0,0,0.00,0.00,0.00,0.00,0.00,0.00,0.00,0.00,1,1,Newport West,3.00,1.00,1.00
Khalid Mahmood,0,0,0,0,0,1,0,0,0,0,0,1,41.593320813629800,51.22,0,0,0.00,0.00,0.00,0.00,0.00,0.00,0.00,0.00,0,0,"Birmingham, Perry Barr",1.00,4.00,1.00
Faisal Rashid,0,0,0,0,0,0,0,1,0,0,0,0,4.111621904992330,50.62,1,0,0.00,0.00,0.00,0.00,0.00,0.00,0.00,0.00,0,1,Warrington South,3.00,1.00,1.00
Ruth George,0,0,0,0,0,0,0,1,0,0,0,0,4.311737507659740,50.55,0,0,0.00,0.00,0.00,0.00,0.00,0.00,0.00,0.00,1,1,High Peak,3.00,1.00,1.00
Stephen Twigg,0,0,0,1,0,0,0,0,0,0,0,1,72.864955826672200,50.28,0,0,0.00,0.00,0.00,0.00,0.00,0.00,0.00,0.00,0,0,"Liverpool, West Derby",1.00,2.00,1.00
Angela Eagle,0,0,0,0,1,0,0,0,0,0,0,1,48.228651789961300,49.92,0,0,0.00,0.00,0.00,0.00,0.00,0.00,0.00,0.00,1,0,Wallasey,1.00,3.00,1.00
Naz Shah,0,0,0,0,0,1,0,0,1,0,0,0,48.106659638024900,46.74,0,0,0.00,0.00,0.00,0.00,0.00,0.00,0.00,0.00,1,0,Bradford West,2.00,4.00,1.00
Roberta Blackman-Woods,0,0,0,0,0,1,0,0,0,1,0,1,25.585630328615100,44.35,0,0,0.00,0.00,0.00,0.00,0.00,0.00,0.00,0.00,1,0,City of Durham,1.00,4.00,2.00
Lucy Powell,0,0,0,0,1,0,0,0,0,0,0,1,63.244167337087600,36.66,0,0,0.00,0.00,0.00,0.00,0.00,0.00,0.00,0.00,1,0,Manchester Central,1.00,3.00,1.00
Jared O'Mara,0,0,0,0,0,0,0,1,0,0,0,0,3.726762539459830,35.90,0,0,0.00,0.00,0.00,0.00,0.00,0.00,0.00,0.00,0,1,"Sheffield, Hallam",3.00,1.00,1.00
Shabana Mahmood,0,0,0,1,0,0,0,0,0,1,0,1,69.513641755634600,35.62,0,0,0.00,0.00,0.00,0.00,0.00,0.00,0.00,0.00,1,0,"Birmingham, Ladywood",1.00,2.00,2.00
Gill Furniss,0,0,0,0,0,1,0,0,1,0,0,0,45.720085980415500,61.44,0,1,0.00,0.00,0.00,0.00,0.00,0.00,0.00,0.00,1,0,"Sheffield, Brightside and Hillsborough",2.00,4.00,1.00
Lisa Forbes,0,0,0,0,0,0,0,1,0,0,0,0,2.020000000000000,61.31,0,1,0.00,0.00,0.00,0.00,0.00,0.00,0.00,0.00,1,1,Peterborough,3.00,1.00,1.00
Diana Johnson,0,0,0,0,1,0,0,0,0,1,0,1,38.580895425893000,59.97,0,1,0.00,0.00,0.00,0.00,0.00,0.00,0.00,0.00,1,0,Kingston upon Hull North,1.00,3.00,2.00
Liz Twist,0,0,0,0,0,0,0,1,0,0,0,0,28.028034273354900,56.32,0,1,0.00,0.00,0.00,0.00,0.00,0.00,0.00,0.00,1,1,Blaydon,3.00,1.00,1.00
David Hanson,0,0,0,1,0,0,0,0,0,1,0,1,10.756507179461100,54.77,0,1,0.00,0.00,0.00,0.00,0.00,0.00,0.00,0.00,0,0,Delyn,1.00,2.00,2.00
Luke Pollard,0,0,0,0,0,1,0,1,0,0,0,0,13.292844867989300,54.41,0,1,0.00,0.00,0.00,0.00,0.00,0.00,0.00,0.00,0,0,"Plymouth, Sutton and Devonport",3.00,4.00,1.00
Karin Smyth,0,0,0,0,0,0,0,0,1,1,0,1,29.397594792394500,47.95,0,1,0.00,0.00,0.00,0.00,0.00,0.00,0.00,0.00,1,1,Bristol South,2.00,1.00,2.00
Hugh Gaffney,0,0,0,0,0,0,0,1,0,0,0,0,3.521314387211360,38.72,0,1,0.00,0.00,0.00,0.00,0.00,0.00,0.00,0.00,0,1,"Coatbridge, Chryston and Bellshill",3.00,1.00,1.00
Harriet Harman,0,0,0,1,0,0,0,0,0,1,0,1,64.996864766947600,30.20,0,1,0.00,0.00,0.00,0.00,0.00,0.00,0.00,0.00,1,0,Camberwell and Peckham,1.00,2.00,2.00